Workbook

Sheet Pivot Table
A3: Row Labels | B3: Sum of order_count | C3: Sum of total_revenue
A4: Chinese | B4: 91 | C4: 127840
A5: Desserts | B5: 13 | C5: 19694
A6: Fast Food | B6: 42 | C6: 55123
A7: Italian | B7: 11 | C7: 14735
A8: North Indian | B8: 154 | C8: 216297
A9: South Indian | B9: 47 | C9: 63417
A10: Grand Total | B10: 358 | C10: 497106

Sheet Cuisine Summary
A1: Cuisine | B1: Total Revenue | C1: target_revenue_inr | D1: Variance | E1: Percentage Variance | F1: Status | G1: Match
A2: Chinese | B2: =GETPIVOTDATA("Sum of total_revenue",'Pivot Table'!$A$3,"cuisine","Chinese") -> 127840 | C2: =VLOOKUP(A2,'Cuisine Targets'!$A$2:$B$7,2,FALSE) -> 140000 | D2: =C2-B2 -> 12160 | E2: =((B2-C2)*100/C2) -> -8.6857143 | F2: =IF(B2>=C2,"Above Target",IF(E2>=-15,"Below Target - Watch","Below Target - Critical")) -> Below Target - Watch | G2: =IF(B2=B2,"Yes","No") -> Yes
A3: Desserts | B3: =GETPIVOTDATA("Sum of total_revenue",'Pivot Table'!$A$3,"cuisine","Desserts") -> 19694 | C3: =VLOOKUP(A3,'Cuisine Targets'!$A$2:$B$7,2,FALSE) -> 25000 | D3: =C3-B3 -> 5306 | E3: =((B3-C3)*100/C3) -> -21.224 | F3: =IF(B3>=C3,"Above Target",IF(E3>=-15,"Below Target - Watch","Below Target - Critical")) -> Below Target - Critical | G3: =IF(B3=B3,"Yes","No") -> Yes
A4: Fast Food | B4: =GETPIVOTDATA("Sum of total_revenue",'Pivot Table'!$A$3,"cuisine","Fast Food") -> 55123 | C4: =VLOOKUP(A4,'Cuisine Targets'!$A$2:$B$7,2,FALSE) -> 60000 | D4: =C4-B4 -> 4877 | E4: =((B4-C4)*100/C4) -> -8.1283333 | F4: =IF(B4>=C4,"Above Target",IF(E4>=-15,"Below Target - Watch","Below Target - Critical")) -> Below Target - Watch | G4: =IF(B4=B4,"Yes","No") -> Yes
A5: Italian | B5: =GETPIVOTDATA("Sum of total_revenue",'Pivot Table'!$A$3,"cuisine","Italian") -> 14735 | C5: =VLOOKUP(A5,'Cuisine Targets'!$A$2:$B$7,2,FALSE) -> 10000 | D5: =C5-B5 -> -4735 | E5: =((B5-C5)*100/C5) -> 47.35 | F5: =IF(B5>=C5,"Above Target",IF(E5>=-15,"Below Target - Watch","Below Target - Critical")) -> Above Target | G5: =IF(B5=B5,"Yes","No") -> Yes
A6: North Indian | B6: =GETPIVOTDATA("Sum of total_revenue",'Pivot Table'!$A$3,"cuisine","North Indian") -> 216297 | C6: =VLOOKUP(A6,'Cuisine Targets'!$A$2:$B$7,2,FALSE) -> 180000 | D6: =C6-B6 -> -36297 | E6: =((B6-C6)*100/C6) -> 20.165 | F6: =IF(B6>=C6,"Above Target",IF(E6>=-15,"Below Target - Watch","Below Target - Critical")) -> Above Target | G6: =IF(B6=B6,"Yes","No") -> Yes
A7: South Indian | B7: =GETPIVOTDATA("Sum of total_revenue",'Pivot Table'!$A$3,"cuisine","South Indian") -> 63417 | C7: =VLOOKUP(A7,'Cuisine Targets'!$A$2:$B$7,2,FALSE) -> 50000 | D7: =C7-B7 -> -13417 | E7: =((B7-C7)*100/C7) -> 26.834 | F7: =IF(B7>=C7,"Above Target",IF(E7>=-15,"Below Target - Watch","Below Target - Critical")) -> Above Target | G7: =IF(B7=B7,"Yes","No") -> Yes

Sheet Cuisine Targets
A1: Cuisine | B1: target_revenue_inr
A2: Chinese | B2: 140000
A3: North Indian | B3: 180000
A4: South Indian | B4: 50000
A5: Italian | B5: 10000
A6: Desserts | B6: 25000
A7: Fast Food | B7: 60000

Sheet Monthly Data
A1: cuisine | B1: month | C1: order_count | D1: total_revenue | E1: avg_revenue
A2: Chinese | B2: 46023 | C2: 16 | D2: 24583 | E2: 1536.4375
A3: Chinese | B3: 46054 | C3: 16 | D3: 20381 | E3: 1273.8125
A4: Chinese | B4: 46082 | C4: 16 | D4: 20273 | E4: 1267.0625
A5: Chinese | B5: 46113 | C5: 15 | D5: 18695 | E5: 1246.3333
A6: Chinese | B6: 46143 | C6: 10 | D6: 14677 | E6: 1467.7
A7: Chinese | B7: 46174 | C7: 18 | D7: 29231 | E7: 1623.9444
A8: Desserts | B8: 46023 | C8: 3 | D8: 5706 | E8: 1902
A9: Desserts | B9: 46054 | C9: 3 | D9: 3953 | E9: 1317.6667
A10: Desserts | B10: 46082 | C10: 2 | D10: 2809 | E10: 1404.5
A11: Desserts | B11: 46143 | C11: 4 | D11: 5633 | E11: 1408.25
A12: Desserts | B12: 46174 | C12: 1 | D12: 1593 | E12: 1593
A13: Fast Food | B13: 46023 | C13: 10 | D13: 10499 | E13: 1049.9
... A35: South Indian | B35: 46174 | C35: 10 | D35: 12834 | E35: 1283.4
